<!--
    IMPORTANT:
    - Policy elements can appear only within the <inbound>, <outbound>, <backend> section elements.
    - To apply a policy to the incoming request (before it is forwarded to the backend service), place a corresponding policy element within the <inbound> section element.
    - To apply a policy to the outgoing response (before it is sent back to the caller), place a corresponding policy element within the <outbound> section element.
    - To add a policy, place the cursor at the desired insertion point and select a policy from the sidebar.
    - To remove a policy, delete the corresponding policy statement from the policy document.
    - Position the <base> element within a section element to inherit all policies from the corresponding section element in the enclosing scope.
    - Remove the <base> element to prevent inheriting policies from the corresponding section element in the enclosing scope.
    - Policies are applied in the order of their appearance, from the top down.
    - Comments within policy elements are not supported and may disappear. Place your comments between policy elements or at a higher level scope.
-->
<policies>
  <inbound>
    <base />
    <check-header name="X-CompanyId" failed-check-httpcode="401" failed-check-error-message="Not authorized - header X-CompanyId Parametro que permite establecer el nombre de la compañia que consume el servicio" ignore-case="false" />
    <check-header name="X-Channel" failed-check-httpcode="401" failed-check-error-message="Not authorized - header X-Channel canal desde donde se consume el servicio" ignore-case="false" />
    <check-header name="X-RqUID" failed-check-httpcode="401" failed-check-error-message="Not authorized - header X-RqUID Id de request para efectos de traza y correlacion de transacciones" ignore-case="false" />
    <check-header name="X-IdentSerialNum" failed-check-httpcode="401" failed-check-error-message="Not authorized - header X-IdentSerialNum numero identificacion del afiliado para efectos de traza" ignore-case="false" />
    <check-header name="X-GovIssueIdentType" failed-check-httpcode="401" failed-check-error-message="Not authorized - header X-GovIssueIdentType tipo de identificacion del afiliado para efectos de traza" ignore-case="false" />
    <check-header name="X-IPAddr" failed-check-httpcode="401" failed-check-error-message="Not authorized - header X-IPAddr Ip desde donde se consume el servicio para efecto de trazas" ignore-case="false" />
    <check-header name="Authorization" failed-check-httpcode="401" failed-check-error-message="Not authorized - header Authorization JWT requerido para autorizar el consumo del servicio" ignore-case="false" />
  </inbound>
  <backend>
    <base />
  </backend>
  <outbound>
    <base />
  </outbound>
  <on-error>
    <base />
  </on-error>
</policies>

